ID,SET,PROMPT LABEL,ESSAY LABEL,DELTA
essay001,TEST,2.0,1.0,-1.0
essay001,TEST,2.0,2.0,0.0
essay001,TEST,0.0,-1.0,-1.0
essay002,TRAIN,1.0,0.0,-1.0
essay002,TRAIN,2.0,2.0,0.0
essay002,TRAIN,1.0,0.0,-1.0
essay003,TRAIN,1.0,1.0,0.0
essay003,TRAIN,2.0,0.0,-2.0
essay003,TRAIN,2.0,2.0,0.0
essay004,TRAIN,1.0,1.0,0.0
essay004,TRAIN,1.0,1.0,0.0
essay004,TRAIN,2.0,1.0,-1.0
essay005,TRAIN,1.0,1.0,0.0
essay005,TRAIN,1.0,2.0,1.0
essay005,TRAIN,1.0,0.0,-1.0
essay006,VALIDATION,2.0,2.0,0.0
essay006,VALIDATION,2.0,2.0,0.0
essay006,VALIDATION,1.0,1.0,0.0
essay007,TRAIN,2.0,2.0,0.0
essay007,TRAIN,1.0,1.0,0.0
essay007,TRAIN,1.0,1.0,0.0
essay010,TRAIN,2.0,2.0,0.0
essay010,TRAIN,1.0,1.0,0.0
essay010,TRAIN,1.0,1.0,0.0
essay013,TEST,1.0,1.0,0.0
essay013,TEST,2.0,2.0,0.0
essay013,TEST,0.0,0.0,0.0
essay014,TRAIN,1.0,2.0,1.0
essay014,TRAIN,0.0,1.0,1.0
essay014,TRAIN,2.0,2.0,0.0
essay015,TRAIN,2.0,2.0,0.0
essay015,TRAIN,1.0,0.0,-1.0
essay015,TRAIN,2.0,2.0,0.0
essay016,TRAIN,0.0,2.0,2.0
essay016,TRAIN,1.0,0.0,-1.0
essay016,TRAIN,1.0,2.0,1.0
essay017,TRAIN,-1.0,0.0,1.0
essay017,TRAIN,2.0,2.0,0.0
essay017,TRAIN,2.0,1.0,-1.0
essay018,TEST,2.0,2.0,0.0
essay018,TEST,-1.0,-1.0,0.0
essay018,TEST,1.0,2.0,1.0
essay019,TRAIN,1.0,2.0,1.0
essay019,TRAIN,2.0,2.0,0.0
essay019,TRAIN,-1.0,1.0,2.0
essay020,TEST,0.0,0.0,0.0
essay020,TEST,2.0,0.0,-2.0
essay020,TEST,1.0,2.0,1.0
essay021,TRAIN,2.0,1.0,-1.0
essay021,TRAIN,1.0,1.0,0.0
essay021,TRAIN,1.0,1.0,0.0
essay022,TRAIN,2.0,1.0,-1.0
essay022,TRAIN,0.0,0.0,0.0
essay022,TRAIN,1.0,1.0,0.0
essay023,VALIDATION,1.0,1.0,0.0
essay023,VALIDATION,1.0,1.0,0.0
essay023,VALIDATION,1.0,0.0,-1.0
essay024,TRAIN,2.0,-1.0,-3.0
essay024,TRAIN,2.0,0.0,-2.0
essay024,TRAIN,1.0,1.0,0.0
essay025,TRAIN,-1.0,-1.0,0.0
essay025,TRAIN,0.0,0.0,0.0
essay025,TRAIN,1.0,1.0,0.0
essay026,TRAIN,1.0,1.0,0.0
essay026,TRAIN,1.0,2.0,1.0
essay026,TRAIN,1.0,2.0,1.0
essay028,TRAIN,1.0,0.0,-1.0
essay028,TRAIN,2.0,1.0,-1.0
essay028,TRAIN,1.0,2.0,1.0
essay030,TRAIN,-1.0,-1.0,0.0
essay030,TRAIN,2.0,0.0,-2.0
essay030,TRAIN,-1.0,-2.0,-1.0
essay031,TRAIN,2.0,1.0,-1.0
essay031,TRAIN,1.0,1.0,0.0
essay031,TRAIN,1.0,0.0,-1.0
essay032,TRAIN,0.0,1.0,1.0
essay032,TRAIN,2.0,1.0,-1.0
essay032,TRAIN,2.0,1.0,-1.0
essay033,TRAIN,1.0,1.0,0.0
essay033,TRAIN,1.0,1.0,0.0
essay033,TRAIN,1.0,2.0,1.0
essay034,TRAIN,0.0,0.0,0.0
essay034,TRAIN,2.0,2.0,0.0
essay034,TRAIN,1.0,1.0,0.0
essay035,TRAIN,1.0,1.0,0.0
essay035,TRAIN,0.0,0.0,0.0
essay035,TRAIN,2.0,1.0,-1.0
essay036,TRAIN,2.0,2.0,0.0
essay036,TRAIN,2.0,2.0,0.0
essay036,TRAIN,1.0,1.0,0.0
essay037,VALIDATION,0.0,1.0,1.0
essay037,VALIDATION,2.0,-1.0,-3.0
essay037,VALIDATION,1.0,0.0,-1.0
essay038,VALIDATION,2.0,2.0,0.0
essay038,VALIDATION,2.0,2.0,0.0
essay038,VALIDATION,2.0,2.0,0.0
essay039,TRAIN,0.0,0.0,0.0
essay039,TRAIN,0.0,2.0,2.0
essay039,TRAIN,-1.0,-1.0,0.0
essay040,TEST,1.0,-1.0,-2.0
essay040,TEST,2.0,2.0,0.0
essay040,TEST,2.0,1.0,-1.0
essay041,TRAIN,-2.0,-1.0,1.0
essay041,TRAIN,-1.0,0.0,1.0
essay041,TRAIN,2.0,-2.0,-4.0
essay042,TRAIN,0.0,0.0,0.0
essay042,TRAIN,2.0,1.0,-1.0
essay042,TRAIN,2.0,2.0,0.0
essay044,TRAIN,2.0,2.0,0.0
essay044,TRAIN,2.0,2.0,0.0
essay044,TRAIN,2.0,1.0,-1.0
essay045,TRAIN,-2.0,-2.0,0.0
essay045,TRAIN,2.0,2.0,0.0
essay045,TRAIN,1.0,0.0,-1.0
essay047,TRAIN,1.0,1.0,0.0
essay047,TRAIN,1.0,1.0,0.0
essay047,TRAIN,2.0,1.0,-1.0
essay048,TRAIN,1.0,1.0,0.0
essay048,TRAIN,2.0,1.0,-1.0
essay048,TRAIN,-2.0,-2.0,0.0
essay049,TRAIN,2.0,2.0,0.0
essay049,TRAIN,2.0,2.0,0.0
essay049,TRAIN,1.0,-1.0,-2.0
essay051,TRAIN,0.0,1.0,1.0
essay051,TRAIN,1.0,1.0,0.0
essay051,TRAIN,2.0,2.0,0.0
essay053,TEST,0.0,0.0,0.0
essay053,TEST,1.0,0.0,-1.0
essay053,TEST,-1.0,-1.0,0.0
essay054,TRAIN,-1.0,2.0,3.0
essay054,TRAIN,2.0,0.0,-2.0
essay054,TRAIN,1.0,2.0,1.0
essay055,TEST,2.0,1.0,-1.0
essay055,TEST,2.0,2.0,0.0
essay055,TEST,1.0,0.0,-1.0
essay057,TRAIN,1.0,2.0,1.0
essay057,TRAIN,1.0,1.0,0.0
essay057,TRAIN,2.0,2.0,0.0
essay058,VALIDATION,2.0,2.0,0.0
essay058,VALIDATION,2.0,2.0,0.0
essay058,VALIDATION,2.0,2.0,0.0
essay059,TRAIN,1.0,2.0,1.0
essay059,TRAIN,1.0,0.0,-1.0
essay059,TRAIN,2.0,2.0,0.0
essay060,TRAIN,1.0,1.0,0.0
essay060,TRAIN,1.0,1.0,0.0
essay060,TRAIN,2.0,1.0,-1.0
essay062,TRAIN,1.0,1.0,0.0
essay062,TRAIN,-2.0,-1.0,1.0
essay062,TRAIN,1.0,1.0,0.0
essay063,TRAIN,1.0,1.0,0.0
essay063,TRAIN,1.0,-1.0,-2.0
essay063,TRAIN,-2.0,-2.0,0.0
essay064,TRAIN,2.0,1.0,-1.0
essay064,TRAIN,0.0,0.0,0.0
essay064,TRAIN,2.0,0.0,-2.0
essay065,TRAIN,1.0,2.0,1.0
essay065,TRAIN,1.0,1.0,0.0
essay065,TRAIN,2.0,-2.0,-4.0
essay066,TRAIN,1.0,1.0,0.0
essay066,TRAIN,2.0,1.0,-1.0
essay066,TRAIN,-1.0,-1.0,0.0
essay067,TRAIN,1.0,2.0,1.0
essay067,TRAIN,2.0,2.0,0.0
essay067,TRAIN,1.0,1.0,0.0
essay068,TRAIN,-2.0,-2.0,0.0
essay068,TRAIN,2.0,2.0,0.0
essay068,TRAIN,2.0,2.0,0.0
essay069,TEST,2.0,2.0,0.0
essay069,TEST,2.0,2.0,0.0
essay069,TEST,2.0,2.0,0.0
essay070,TRAIN,1.0,1.0,0.0
essay070,TRAIN,2.0,1.0,-1.0
essay070,TRAIN,-1.0,-2.0,-1.0
essay071,VALIDATION,1.0,1.0,0.0
essay071,VALIDATION,0.0,0.0,0.0
essay071,VALIDATION,0.0,1.0,1.0
essay072,TRAIN,2.0,2.0,0.0
essay072,TRAIN,2.0,2.0,0.0
essay072,TRAIN,2.0,1.0,-1.0
essay074,VALIDATION,1.0,1.0,0.0
essay074,VALIDATION,1.0,1.0,0.0
essay074,VALIDATION,2.0,2.0,0.0
essay075,TRAIN,2.0,2.0,0.0
essay075,TRAIN,2.0,2.0,0.0
essay075,TRAIN,2.0,0.0,-2.0
essay077,TRAIN,1.0,0.0,-1.0
essay077,TRAIN,0.0,0.0,0.0
essay077,TRAIN,2.0,2.0,0.0
essay079,VALIDATION,2.0,2.0,0.0
essay079,VALIDATION,0.0,1.0,1.0
essay079,VALIDATION,0.0,0.0,0.0
essay080,VALIDATION,0.0,0.0,0.0
essay080,VALIDATION,2.0,2.0,0.0
essay080,VALIDATION,-2.0,-1.0,1.0
essay081,TEST,2.0,2.0,0.0
essay081,TEST,0.0,-1.0,-1.0
essay081,TEST,2.0,2.0,0.0
essay082,VALIDATION,2.0,1.0,-1.0
essay082,VALIDATION,1.0,-1.0,-2.0
essay082,VALIDATION,2.0,2.0,0.0
essay083,TRAIN,1.0,0.0,-1.0
essay083,TRAIN,1.0,0.0,-1.0
essay083,TRAIN,0.0,1.0,1.0
essay084,TEST,1.0,2.0,1.0
essay084,TEST,-1.0,0.0,1.0
essay084,TEST,-1.0,1.0,2.0
essay086,TRAIN,0.0,1.0,1.0
essay086,TRAIN,1.0,2.0,1.0
essay086,TRAIN,1.0,2.0,1.0
essay087,TRAIN,2.0,2.0,0.0
essay087,TRAIN,2.0,2.0,0.0
essay087,TRAIN,2.0,2.0,0.0
essay088,TRAIN,1.0,1.0,0.0
essay088,TRAIN,2.0,2.0,0.0
essay088,TRAIN,2.0,1.0,-1.0
essay089,TRAIN,1.0,2.0,1.0
essay089,TRAIN,2.0,1.0,-1.0
essay089,TRAIN,1.0,2.0,1.0
essay090,TEST,2.0,2.0,0.0
essay090,TEST,1.0,2.0,1.0
essay090,TEST,2.0,1.0,-1.0
essay091,TRAIN,2.0,2.0,0.0
essay091,TRAIN,1.0,1.0,0.0
essay091,TRAIN,2.0,2.0,0.0
essay093,TRAIN,2.0,2.0,0.0
essay093,TRAIN,1.0,1.0,0.0
essay093,TRAIN,1.0,2.0,1.0
essay094,TRAIN,2.0,2.0,0.0
essay094,TRAIN,2.0,2.0,0.0
essay094,TRAIN,1.0,2.0,1.0
essay095,TEST,0.0,2.0,2.0
essay095,TEST,1.0,-1.0,-2.0
essay095,TEST,1.0,0.0,-1.0
essay096,TEST,2.0,2.0,0.0
essay096,TEST,1.0,1.0,0.0
essay096,TEST,1.0,0.0,-1.0
essay097,VALIDATION,2.0,2.0,0.0
essay097,VALIDATION,1.0,0.0,-1.0
essay097,VALIDATION,0.0,1.0,1.0
essay099,TRAIN,2.0,1.0,-1.0
essay099,TRAIN,0.0,1.0,1.0
essay099,TRAIN,2.0,2.0,0.0
essay100,TEST,0.0,0.0,0.0
essay100,TEST,0.0,1.0,1.0
essay100,TEST,-2.0,-1.0,1.0
essay101,TRAIN,1.0,1.0,0.0
essay101,TRAIN,2.0,1.0,-1.0
essay101,TRAIN,2.0,1.0,-1.0
essay102,TRAIN,2.0,1.0,-1.0
essay102,TRAIN,2.0,2.0,0.0
essay102,TRAIN,1.0,1.0,0.0
essay103,TRAIN,1.0,1.0,0.0
essay103,TRAIN,1.0,1.0,0.0
essay103,TRAIN,2.0,0.0,-2.0
essay104,TRAIN,2.0,2.0,0.0
essay104,TRAIN,2.0,1.0,-1.0
essay104,TRAIN,2.0,2.0,0.0
essay105,TRAIN,0.0,1.0,1.0
essay105,TRAIN,2.0,2.0,0.0
essay105,TRAIN,2.0,2.0,0.0
essay106,TEST,-1.0,-2.0,-1.0
essay106,TEST,0.0,1.0,1.0
essay106,TEST,2.0,1.0,-1.0
essay108,TRAIN,-1.0,-1.0,0.0
essay108,TRAIN,-1.0,-1.0,0.0
essay108,TRAIN,-1.0,-1.0,0.0
essay109,TRAIN,2.0,2.0,0.0
essay109,TRAIN,2.0,1.0,-1.0
essay109,TRAIN,1.0,0.0,-1.0
essay110,TEST,2.0,2.0,0.0
essay110,TEST,1.0,1.0,0.0
essay110,TEST,2.0,2.0,0.0
essay111,TEST,1.0,1.0,0.0
essay111,TEST,1.0,2.0,1.0
essay111,TEST,2.0,2.0,0.0
essay112,TRAIN,0.0,1.0,1.0
essay112,TRAIN,1.0,1.0,0.0
essay112,TRAIN,2.0,2.0,0.0
essay114,VALIDATION,2.0,2.0,0.0
essay114,VALIDATION,2.0,2.0,0.0
essay114,VALIDATION,2.0,1.0,-1.0
essay115,TRAIN,0.0,2.0,2.0
essay115,TRAIN,2.0,2.0,0.0
essay115,TRAIN,1.0,2.0,1.0
essay116,TRAIN,2.0,2.0,0.0
essay116,TRAIN,1.0,2.0,1.0
essay116,TRAIN,0.0,0.0,0.0
essay117,VALIDATION,2.0,2.0,0.0
essay117,VALIDATION,-1.0,-1.0,0.0
essay117,VALIDATION,-1.0,-1.0,0.0
essay118,VALIDATION,2.0,2.0,0.0
essay118,VALIDATION,0.0,0.0,0.0
essay118,VALIDATION,1.0,1.0,0.0
essay119,TEST,2.0,2.0,0.0
essay119,TEST,-2.0,-2.0,0.0
essay119,TEST,2.0,2.0,0.0
essay120,TEST,0.0,2.0,2.0
essay120,TEST,-1.0,0.0,1.0
essay120,TEST,0.0,1.0,1.0
essay121,TRAIN,1.0,1.0,0.0
essay121,TRAIN,2.0,2.0,0.0
essay121,TRAIN,1.0,0.0,-1.0
essay122,TRAIN,0.0,0.0,0.0
essay122,TRAIN,0.0,0.0,0.0
essay122,TRAIN,2.0,0.0,-2.0
essay123,VALIDATION,2.0,2.0,0.0
essay123,VALIDATION,1.0,2.0,1.0
essay123,VALIDATION,1.0,2.0,1.0
essay124,TRAIN,2.0,1.0,-1.0
essay124,TRAIN,2.0,2.0,0.0
essay124,TRAIN,-1.0,-2.0,-1.0
essay126,TRAIN,1.0,1.0,0.0
essay126,TRAIN,2.0,2.0,0.0
essay126,TRAIN,2.0,2.0,0.0
essay127,TRAIN,2.0,2.0,0.0
essay127,TRAIN,2.0,1.0,-1.0
essay127,TRAIN,2.0,2.0,0.0
essay128,VALIDATION,0.0,0.0,0.0
essay128,VALIDATION,1.0,0.0,-1.0
essay128,VALIDATION,0.0,2.0,2.0
essay129,TRAIN,0.0,1.0,1.0
essay129,TRAIN,1.0,1.0,0.0
essay129,TRAIN,-1.0,-1.0,0.0
essay130,TRAIN,1.0,1.0,0.0
essay130,TRAIN,2.0,1.0,-1.0
essay130,TRAIN,1.0,1.0,0.0
essay131,TRAIN,0.0,1.0,1.0
essay131,TRAIN,1.0,1.0,0.0
essay131,TRAIN,2.0,2.0,0.0
essay132,TRAIN,2.0,2.0,0.0
essay132,TRAIN,-2.0,-2.0,0.0
essay132,TRAIN,2.0,1.0,-1.0
essay133,TRAIN,1.0,2.0,1.0
essay133,TRAIN,0.0,0.0,0.0
essay133,TRAIN,0.0,0.0,0.0
essay134,TRAIN,2.0,1.0,-1.0
essay134,TRAIN,2.0,2.0,0.0
essay134,TRAIN,0.0,1.0,1.0
essay138,VALIDATION,1.0,1.0,0.0
essay138,VALIDATION,1.0,0.0,-1.0
essay138,VALIDATION,1.0,-2.0,-3.0
essay139,TRAIN,2.0,2.0,0.0
essay139,TRAIN,2.0,2.0,0.0
essay139,TRAIN,2.0,2.0,0.0
essay140,TRAIN,1.0,1.0,0.0
essay140,TRAIN,1.0,2.0,1.0
essay140,TRAIN,1.0,1.0,0.0
essay141,TRAIN,2.0,2.0,0.0
essay141,TRAIN,2.0,2.0,0.0
essay141,TRAIN,1.0,1.0,0.0
essay142,TEST,2.0,2.0,0.0
essay142,TEST,1.0,2.0,1.0
essay142,TEST,0.0,-1.0,-1.0
essay143,TRAIN,1.0,1.0,0.0
essay143,TRAIN,-1.0,-1.0,0.0
essay143,TRAIN,1.0,-1.0,-2.0
essay144,TRAIN,-2.0,-2.0,0.0
essay144,TRAIN,-1.0,2.0,3.0
essay144,TRAIN,1.0,2.0,1.0
essay145,TRAIN,-1.0,-2.0,-1.0
essay145,TRAIN,0.0,0.0,0.0
essay145,TRAIN,2.0,1.0,-1.0
essay146,TRAIN,1.0,1.0,0.0
essay146,TRAIN,2.0,2.0,0.0
essay146,TRAIN,0.0,-1.0,-1.0
essay147,TRAIN,1.0,1.0,0.0
essay147,TRAIN,1.0,0.0,-1.0
essay147,TRAIN,2.0,1.0,-1.0
essay148,VALIDATION,1.0,1.0,0.0
essay148,VALIDATION,-1.0,1.0,2.0
essay148,VALIDATION,-1.0,-1.0,0.0
essay149,TRAIN,2.0,2.0,0.0
essay149,TRAIN,0.0,0.0,0.0
essay149,TRAIN,2.0,2.0,0.0
essay150,TRAIN,2.0,2.0,0.0
essay150,TRAIN,1.0,1.0,0.0
essay150,TRAIN,2.0,2.0,0.0
essay151,TRAIN,-2.0,0.0,2.0
essay151,TRAIN,2.0,2.0,0.0
essay152,TRAIN,-1.0,-1.0,0.0
essay152,TRAIN,0.0,0.0,0.0
essay152,TRAIN,0.0,1.0,1.0
essay153,TEST,1.0,1.0,0.0
essay153,TEST,2.0,2.0,0.0
essay153,TEST,1.0,1.0,0.0
essay154,TRAIN,1.0,1.0,0.0
essay154,TRAIN,1.0,1.0,0.0
essay154,TRAIN,1.0,0.0,-1.0
essay155,VALIDATION,2.0,2.0,0.0
essay155,VALIDATION,1.0,0.0,-1.0
essay155,VALIDATION,0.0,1.0,1.0
essay156,TRAIN,2.0,2.0,0.0
essay156,TRAIN,-2.0,-1.0,1.0
essay156,TRAIN,1.0,1.0,0.0
essay157,VALIDATION,0.0,1.0,1.0
essay157,VALIDATION,1.0,2.0,1.0
essay157,VALIDATION,2.0,0.0,-2.0
essay158,TRAIN,1.0,1.0,0.0
essay158,TRAIN,2.0,2.0,0.0
essay158,TRAIN,1.0,1.0,0.0
essay159,VALIDATION,-1.0,1.0,2.0
essay159,VALIDATION,1.0,1.0,0.0
essay159,VALIDATION,1.0,2.0,1.0
essay160,TRAIN,2.0,2.0,0.0
essay160,TRAIN,2.0,1.0,-1.0
essay160,TRAIN,-2.0,-1.0,1.0
essay161,TRAIN,1.0,1.0,0.0
essay161,TRAIN,1.0,1.0,0.0
essay161,TRAIN,2.0,2.0,0.0
essay162,TRAIN,0.0,1.0,1.0
essay162,TRAIN,-1.0,0.0,1.0
essay162,TRAIN,0.0,0.0,0.0
essay163,TRAIN,1.0,1.0,0.0
essay163,TRAIN,0.0,1.0,1.0
essay163,TRAIN,2.0,1.0,-1.0
essay164,TRAIN,0.0,0.0,0.0
essay164,TRAIN,2.0,2.0,0.0
essay164,TRAIN,1.0,1.0,0.0
essay165,TRAIN,2.0,2.0,0.0
essay165,TRAIN,2.0,2.0,0.0
essay165,TRAIN,-2.0,2.0,4.0
essay166,TRAIN,0.0,0.0,0.0
essay166,TRAIN,0.0,1.0,1.0
essay166,TRAIN,2.0,2.0,0.0
essay167,VALIDATION,2.0,2.0,0.0
essay167,VALIDATION,2.0,0.0,-2.0
essay167,VALIDATION,2.0,1.0,-1.0
essay168,TRAIN,1.0,0.0,-1.0
essay168,TRAIN,-1.0,-1.0,0.0
essay168,TRAIN,1.0,-2.0,-3.0
essay169,VALIDATION,1.0,2.0,1.0
essay169,VALIDATION,1.0,2.0,1.0
essay169,VALIDATION,2.0,2.0,0.0
essay170,TRAIN,2.0,2.0,0.0
essay170,TRAIN,0.0,-1.0,-1.0
essay170,TRAIN,2.0,2.0,0.0
essay171,TRAIN,2.0,2.0,0.0
essay171,TRAIN,2.0,2.0,0.0
essay171,TRAIN,2.0,2.0,0.0
essay172,TRAIN,1.0,1.0,0.0
essay172,TRAIN,1.0,2.0,1.0
essay172,TRAIN,1.0,2.0,1.0
essay173,TRAIN,2.0,1.0,-1.0
essay173,TRAIN,0.0,1.0,1.0
essay173,TRAIN,2.0,1.0,-1.0
essay174,TRAIN,-2.0,0.0,2.0
essay174,TRAIN,2.0,2.0,0.0
essay174,TRAIN,1.0,1.0,0.0
essay175,TRAIN,0.0,0.0,0.0
essay175,TRAIN,-2.0,-1.0,1.0
essay175,TRAIN,2.0,0.0,-2.0
essay177,TEST,0.0,1.0,1.0
essay177,TEST,1.0,1.0,0.0
essay177,TEST,-2.0,2.0,4.0
essay178,VALIDATION,0.0,2.0,2.0
essay178,VALIDATION,0.0,2.0,2.0
essay178,VALIDATION,2.0,2.0,0.0
essay179,TRAIN,0.0,1.0,1.0
essay179,TRAIN,1.0,0.0,-1.0
essay179,TRAIN,2.0,0.0,-2.0
essay181,TRAIN,2.0,2.0,0.0
essay181,TRAIN,1.0,2.0,1.0
essay181,TRAIN,2.0,2.0,0.0
essay182,TRAIN,-1.0,0.0,1.0
essay182,TRAIN,0.0,0.0,0.0
essay182,TRAIN,-2.0,-2.0,0.0
essay183,TRAIN,2.0,1.0,-1.0
essay183,TRAIN,1.0,2.0,1.0
essay183,TRAIN,2.0,1.0,-1.0
essay184,VALIDATION,1.0,2.0,1.0
essay184,VALIDATION,1.0,2.0,1.0
essay184,VALIDATION,1.0,2.0,1.0
essay185,TRAIN,1.0,1.0,0.0
essay185,TRAIN,-1.0,-2.0,-1.0
essay185,TRAIN,2.0,1.0,-1.0
essay186,VALIDATION,2.0,2.0,0.0
essay186,VALIDATION,-2.0,-2.0,0.0
essay186,VALIDATION,-2.0,-2.0,0.0
essay187,TRAIN,-2.0,-2.0,0.0
essay187,TRAIN,2.0,2.0,0.0
essay187,TRAIN,1.0,0.0,-1.0
essay188,VALIDATION,1.0,1.0,0.0
essay188,VALIDATION,2.0,2.0,0.0
essay188,VALIDATION,-2.0,-2.0,0.0
essay189,TRAIN,2.0,0.0,-2.0
essay189,TRAIN,1.0,1.0,0.0
essay189,TRAIN,2.0,2.0,0.0
essay190,TRAIN,1.0,1.0,0.0
essay190,TRAIN,1.0,2.0,1.0
essay190,TRAIN,1.0,2.0,1.0
essay191,TRAIN,1.0,2.0,1.0
essay191,TRAIN,2.0,1.0,-1.0
essay191,TRAIN,2.0,-1.0,-3.0
essay192,TEST,1.0,1.0,0.0
essay192,TEST,1.0,0.0,-1.0
essay192,TEST,1.0,1.0,0.0
essay193,TRAIN,1.0,2.0,1.0
essay193,TRAIN,0.0,0.0,0.0
essay193,TRAIN,1.0,-1.0,-2.0
essay194,TRAIN,2.0,2.0,0.0
essay194,TRAIN,2.0,2.0,0.0
essay194,TRAIN,0.0,0.0,0.0
essay195,TEST,1.0,1.0,0.0
essay195,TEST,1.0,1.0,0.0
essay195,TEST,0.0,0.0,0.0
essay196,TRAIN,1.0,0.0,-1.0
essay196,TRAIN,2.0,1.0,-1.0
essay196,TRAIN,2.0,1.0,-1.0
essay198,TRAIN,1.0,1.0,0.0
essay198,TRAIN,-2.0,1.0,3.0
essay198,TRAIN,1.0,1.0,0.0
essay199,TRAIN,-1.0,0.0,1.0
essay199,TRAIN,2.0,1.0,-1.0
essay199,TRAIN,2.0,2.0,0.0
essay200,VALIDATION,-1.0,-1.0,0.0
essay200,VALIDATION,2.0,2.0,0.0
essay200,VALIDATION,2.0,2.0,0.0
essay201,TRAIN,1.0,1.0,0.0
essay201,TRAIN,1.0,1.0,0.0
essay201,TRAIN,-1.0,1.0,2.0
essay203,TRAIN,2.0,1.0,-1.0
essay203,TRAIN,0.0,0.0,0.0
essay203,TRAIN,2.0,2.0,0.0
essay204,VALIDATION,1.0,0.0,-1.0
essay204,VALIDATION,1.0,1.0,0.0
essay204,VALIDATION,-1.0,-1.0,0.0
essay205,TEST,0.0,0.0,0.0
essay205,TEST,-2.0,-2.0,0.0
essay205,TEST,2.0,1.0,-1.0
essay206,VALIDATION,1.0,1.0,0.0
essay206,VALIDATION,2.0,2.0,0.0
essay206,VALIDATION,-1.0,-1.0,0.0
essay208,TRAIN,2.0,2.0,0.0
essay208,TRAIN,2.0,2.0,0.0
essay208,TRAIN,2.0,2.0,0.0
essay209,TRAIN,2.0,2.0,0.0
essay209,TRAIN,1.0,1.0,0.0
essay209,TRAIN,1.0,2.0,1.0
essay210,TRAIN,1.0,0.0,-1.0
essay210,TRAIN,2.0,1.0,-1.0
essay210,TRAIN,1.0,1.0,0.0
essay211,TRAIN,-1.0,0.0,1.0
essay211,TRAIN,-1.0,1.0,2.0
essay211,TRAIN,1.0,1.0,0.0
essay212,TRAIN,1.0,2.0,1.0
essay212,TRAIN,1.0,1.0,0.0
essay212,TRAIN,2.0,2.0,0.0
essay213,TRAIN,2.0,2.0,0.0
essay213,TRAIN,2.0,1.0,-1.0
essay213,TRAIN,2.0,2.0,0.0
essay214,VALIDATION,2.0,-1.0,-3.0
essay214,VALIDATION,2.0,2.0,0.0
essay214,VALIDATION,-1.0,-1.0,0.0
essay216,TRAIN,1.0,0.0,-1.0
essay216,TRAIN,2.0,2.0,0.0
essay216,TRAIN,0.0,0.0,0.0
essay219,TRAIN,1.0,1.0,0.0
essay219,TRAIN,2.0,1.0,-1.0
essay219,TRAIN,0.0,0.0,0.0
essay220,TRAIN,2.0,2.0,0.0
essay220,TRAIN,2.0,1.0,-1.0
essay220,TRAIN,1.0,1.0,0.0
essay221,TEST,1.0,0.0,-1.0
essay221,TEST,1.0,0.0,-1.0
essay221,TEST,2.0,2.0,0.0
essay222,TEST,0.0,2.0,2.0
essay222,TEST,1.0,2.0,1.0
essay222,TEST,2.0,2.0,0.0
essay223,TRAIN,-1.0,-1.0,0.0
essay223,TRAIN,1.0,0.0,-1.0
essay223,TRAIN,1.0,-1.0,-2.0
essay224,TEST,0.0,0.0,0.0
essay224,TEST,0.0,1.0,1.0
essay224,TEST,2.0,2.0,0.0
essay225,TRAIN,2.0,2.0,0.0
essay225,TRAIN,2.0,1.0,-1.0
essay225,TRAIN,2.0,2.0,0.0
essay227,TRAIN,2.0,1.0,-1.0
essay227,TRAIN,1.0,-1.0,-2.0
essay227,TRAIN,2.0,2.0,0.0
essay228,TRAIN,2.0,2.0,0.0
essay228,TRAIN,1.0,1.0,0.0
essay228,TRAIN,2.0,2.0,0.0
essay230,TRAIN,-2.0,0.0,2.0
essay230,TRAIN,2.0,2.0,0.0
essay230,TRAIN,0.0,2.0,2.0
essay231,TRAIN,0.0,0.0,0.0
essay231,TRAIN,1.0,2.0,1.0
essay231,TRAIN,1.0,2.0,1.0
essay232,VALIDATION,1.0,2.0,1.0
essay232,VALIDATION,1.0,1.0,0.0
essay232,VALIDATION,1.0,-1.0,-2.0
essay233,TRAIN,2.0,2.0,0.0
essay233,TRAIN,1.0,1.0,0.0
essay233,TRAIN,1.0,2.0,1.0
essay234,TRAIN,2.0,1.0,-1.0
essay234,TRAIN,0.0,1.0,1.0
essay234,TRAIN,2.0,1.0,-1.0
essay235,TRAIN,0.0,2.0,2.0
essay235,TRAIN,2.0,2.0,0.0
essay235,TRAIN,-1.0,1.0,2.0
essay236,VALIDATION,0.0,1.0,1.0
essay236,VALIDATION,1.0,0.0,-1.0
essay236,VALIDATION,2.0,0.0,-2.0
essay241,TRAIN,1.0,1.0,0.0
essay241,TRAIN,1.0,1.0,0.0
essay241,TRAIN,2.0,1.0,-1.0
essay242,TRAIN,1.0,0.0,-1.0
essay242,TRAIN,1.0,2.0,1.0
essay242,TRAIN,0.0,1.0,1.0
essay243,TRAIN,2.0,2.0,0.0
essay243,TRAIN,2.0,2.0,0.0
essay243,TRAIN,2.0,0.0,-2.0
essay244,TRAIN,2.0,2.0,0.0
essay244,TRAIN,1.0,1.0,0.0
essay244,TRAIN,1.0,1.0,0.0
essay245,VALIDATION,2.0,2.0,0.0
essay245,VALIDATION,0.0,1.0,1.0
essay245,VALIDATION,-1.0,-1.0,0.0
essay248,VALIDATION,0.0,1.0,1.0
essay248,VALIDATION,0.0,-2.0,-2.0
essay248,VALIDATION,2.0,0.0,-2.0
essay249,TRAIN,1.0,2.0,1.0
essay249,TRAIN,0.0,0.0,0.0
essay249,TRAIN,1.0,1.0,0.0
essay250,TRAIN,1.0,1.0,0.0
essay250,TRAIN,1.0,1.0,0.0
essay250,TRAIN,0.0,0.0,0.0
essay251,TRAIN,1.0,0.0,-1.0
essay251,TRAIN,1.0,2.0,1.0
essay251,TRAIN,2.0,2.0,0.0
essay252,TRAIN,2.0,1.0,-1.0
essay252,TRAIN,2.0,2.0,0.0
essay252,TRAIN,2.0,2.0,0.0
essay254,TRAIN,2.0,2.0,0.0
essay254,TRAIN,2.0,1.0,-1.0
essay254,TRAIN,0.0,0.0,0.0
essay255,TRAIN,1.0,1.0,0.0
essay255,TRAIN,2.0,2.0,0.0
essay255,TRAIN,1.0,0.0,-1.0
essay256,VALIDATION,2.0,2.0,0.0
essay256,VALIDATION,1.0,2.0,1.0
essay256,VALIDATION,0.0,0.0,0.0
essay257,TRAIN,1.0,0.0,-1.0
essay257,TRAIN,2.0,2.0,0.0
essay257,TRAIN,2.0,2.0,0.0
essay259,TRAIN,2.0,2.0,0.0
essay259,TRAIN,2.0,1.0,-1.0
essay259,TRAIN,2.0,2.0,0.0
essay261,TRAIN,2.0,2.0,0.0
essay261,TRAIN,1.0,0.0,-1.0
essay261,TRAIN,2.0,1.0,-1.0
essay262,TRAIN,0.0,0.0,0.0
essay262,TRAIN,1.0,2.0,1.0
essay262,TRAIN,2.0,1.0,-1.0
essay264,TRAIN,1.0,2.0,1.0
essay264,TRAIN,2.0,2.0,0.0
essay264,TRAIN,1.0,1.0,0.0
essay266,TEST,2.0,1.0,-1.0
essay266,TEST,1.0,1.0,0.0
essay266,TEST,2.0,2.0,0.0
essay267,TRAIN,2.0,2.0,0.0
essay267,TRAIN,1.0,1.0,0.0
essay267,TRAIN,2.0,1.0,-1.0
essay268,TEST,2.0,1.0,-1.0
essay268,TEST,2.0,1.0,-1.0
essay268,TEST,-1.0,-1.0,0.0
essay269,TRAIN,1.0,1.0,0.0
essay269,TRAIN,0.0,1.0,1.0
essay269,TRAIN,-2.0,-1.0,1.0
essay271,TRAIN,1.0,2.0,1.0
essay271,TRAIN,2.0,2.0,0.0
essay271,TRAIN,2.0,2.0,0.0
essay272,TRAIN,1.0,2.0,1.0
essay272,TRAIN,-2.0,-1.0,1.0
essay272,TRAIN,0.0,2.0,2.0
essay273,VALIDATION,-1.0,2.0,3.0
essay273,VALIDATION,2.0,1.0,-1.0
essay273,VALIDATION,1.0,-2.0,-3.0
essay274,TRAIN,1.0,0.0,-1.0
essay274,TRAIN,2.0,2.0,0.0
essay274,TRAIN,2.0,2.0,0.0
essay276,TRAIN,0.0,2.0,2.0
essay276,TRAIN,1.0,2.0,1.0
essay276,TRAIN,2.0,2.0,0.0
essay278,TRAIN,0.0,0.0,0.0
essay278,TRAIN,2.0,1.0,-1.0
essay278,TRAIN,-1.0,-1.0,0.0
essay280,TRAIN,2.0,0.0,-2.0
essay280,TRAIN,0.0,0.0,0.0
essay280,TRAIN,2.0,2.0,0.0
essay281,TRAIN,1.0,1.0,0.0
essay281,TRAIN,1.0,2.0,1.0
essay281,TRAIN,0.0,1.0,1.0
essay282,TRAIN,2.0,2.0,0.0
essay282,TRAIN,2.0,2.0,0.0
essay282,TRAIN,0.0,0.0,0.0
essay283,TEST,-1.0,-1.0,0.0
essay283,TEST,1.0,1.0,0.0
essay283,TEST,2.0,1.0,-1.0
essay285,TRAIN,2.0,2.0,0.0
essay285,TRAIN,-1.0,2.0,3.0
essay285,TRAIN,1.0,1.0,0.0
essay287,TRAIN,2.0,2.0,0.0
essay287,TRAIN,1.0,1.0,0.0
essay287,TRAIN,2.0,0.0,-2.0
essay289,VALIDATION,1.0,1.0,0.0
essay289,VALIDATION,-1.0,1.0,2.0
essay289,VALIDATION,1.0,1.0,0.0
essay291,TRAIN,1.0,1.0,0.0
essay291,TRAIN,2.0,2.0,0.0
essay291,TRAIN,2.0,2.0,0.0
essay292,VALIDATION,0.0,1.0,1.0
essay292,VALIDATION,-2.0,-2.0,0.0
essay292,VALIDATION,2.0,0.0,-2.0
essay293,TRAIN,2.0,2.0,0.0
essay293,TRAIN,0.0,1.0,1.0
essay293,TRAIN,0.0,-1.0,-1.0
essay294,TEST,2.0,1.0,-1.0
essay294,TEST,1.0,-1.0,-2.0
essay294,TEST,1.0,0.0,-1.0
essay295,TRAIN,2.0,0.0,-2.0
essay295,TRAIN,2.0,2.0,0.0
essay295,TRAIN,2.0,1.0,-1.0
essay297,VALIDATION,2.0,2.0,0.0
essay297,VALIDATION,-1.0,-1.0,0.0
essay297,VALIDATION,0.0,2.0,2.0
essay298,TRAIN,0.0,1.0,1.0
essay298,TRAIN,2.0,2.0,0.0
essay298,TRAIN,2.0,1.0,-1.0
essay299,TRAIN,2.0,2.0,0.0
essay299,TRAIN,-2.0,-2.0,0.0
essay299,TRAIN,2.0,2.0,0.0
essay300,VALIDATION,0.0,-1.0,-1.0
essay300,VALIDATION,0.0,0.0,0.0
essay300,VALIDATION,1.0,-1.0,-2.0
essay301,TRAIN,2.0,2.0,0.0
essay301,TRAIN,0.0,1.0,1.0
essay301,TRAIN,2.0,2.0,0.0
essay302,TRAIN,2.0,0.0,-2.0
essay302,TRAIN,2.0,1.0,-1.0
essay302,TRAIN,1.0,0.0,-1.0
essay303,TRAIN,-2.0,1.0,3.0
essay303,TRAIN,1.0,0.0,-1.0
essay303,TRAIN,1.0,0.0,-1.0
essay304,VALIDATION,2.0,2.0,0.0
essay304,VALIDATION,2.0,2.0,0.0
essay304,VALIDATION,2.0,2.0,0.0
essay305,TRAIN,1.0,1.0,0.0
essay305,TRAIN,-1.0,1.0,2.0
essay305,TRAIN,1.0,2.0,1.0
essay306,TEST,2.0,2.0,0.0
essay306,TEST,2.0,2.0,0.0
essay306,TEST,2.0,2.0,0.0
essay307,VALIDATION,1.0,1.0,0.0
essay307,VALIDATION,2.0,2.0,0.0
essay307,VALIDATION,1.0,1.0,0.0
essay308,TEST,0.0,1.0,1.0
essay308,TEST,2.0,1.0,-1.0
essay308,TEST,0.0,0.0,0.0
essay310,VALIDATION,-2.0,-2.0,0.0
essay310,VALIDATION,2.0,2.0,0.0
essay310,VALIDATION,1.0,0.0,-1.0
essay312,TRAIN,0.0,0.0,0.0
essay312,TRAIN,1.0,0.0,-1.0
essay312,TRAIN,1.0,1.0,0.0
essay313,TRAIN,2.0,2.0,0.0
essay313,TRAIN,0.0,0.0,0.0
essay313,TRAIN,1.0,2.0,1.0
essay314,TEST,2.0,-2.0,-4.0
essay314,TEST,1.0,1.0,0.0
essay314,TEST,2.0,2.0,0.0
essay315,TEST,1.0,2.0,1.0
essay315,TEST,2.0,1.0,-1.0
essay315,TEST,1.0,1.0,0.0
essay316,TRAIN,1.0,1.0,0.0
essay316,TRAIN,0.0,2.0,2.0
essay316,TRAIN,2.0,1.0,-1.0
essay317,VALIDATION,1.0,2.0,1.0
essay317,VALIDATION,0.0,1.0,1.0
essay317,VALIDATION,-1.0,2.0,3.0
essay318,TRAIN,1.0,1.0,0.0
essay318,TRAIN,0.0,-1.0,-1.0
essay318,TRAIN,-2.0,-2.0,0.0
essay319,TRAIN,2.0,1.0,-1.0
essay319,TRAIN,2.0,1.0,-1.0
essay319,TRAIN,1.0,-2.0,-3.0
essay322,TRAIN,2.0,2.0,0.0
essay322,TRAIN,0.0,1.0,1.0
essay322,TRAIN,1.0,0.0,-1.0
essay323,TRAIN,2.0,2.0,0.0
essay323,TRAIN,1.0,1.0,0.0
essay323,TRAIN,2.0,1.0,-1.0
essay325,TRAIN,0.0,1.0,1.0
essay325,TRAIN,1.0,0.0,-1.0
essay325,TRAIN,2.0,1.0,-1.0
essay326,TRAIN,1.0,2.0,1.0
essay326,TRAIN,2.0,2.0,0.0
essay326,TRAIN,2.0,2.0,0.0
essay327,TRAIN,-1.0,-1.0,0.0
essay327,TRAIN,-1.0,-1.0,0.0
essay327,TRAIN,-1.0,-1.0,0.0
essay328,TRAIN,2.0,1.0,-1.0
essay328,TRAIN,0.0,2.0,2.0
essay328,TRAIN,-1.0,1.0,2.0
essay329,TRAIN,1.0,1.0,0.0
essay329,TRAIN,0.0,1.0,1.0
essay329,TRAIN,2.0,2.0,0.0
essay330,TEST,2.0,1.0,-1.0
essay330,TEST,1.0,0.0,-1.0
essay330,TEST,2.0,-1.0,-3.0
essay331,TRAIN,1.0,-2.0,-3.0
essay331,TRAIN,1.0,1.0,0.0
essay331,TRAIN,1.0,1.0,0.0
essay332,TRAIN,0.0,1.0,1.0
essay332,TRAIN,0.0,0.0,0.0
essay332,TRAIN,2.0,2.0,0.0
essay333,TRAIN,1.0,1.0,0.0
essay333,TRAIN,1.0,0.0,-1.0
essay333,TRAIN,1.0,1.0,0.0
essay334,TEST,2.0,1.0,-1.0
essay334,TEST,1.0,2.0,1.0
essay334,TEST,2.0,2.0,0.0
essay335,VALIDATION,2.0,2.0,0.0
essay335,VALIDATION,1.0,0.0,-1.0
essay335,VALIDATION,-2.0,1.0,3.0
essay336,TRAIN,1.0,2.0,1.0
essay336,TRAIN,2.0,-1.0,-3.0
essay336,TRAIN,0.0,-1.0,-1.0
essay337,TRAIN,0.0,0.0,0.0
essay337,TRAIN,2.0,0.0,-2.0
essay337,TRAIN,1.0,1.0,0.0
essay339,TRAIN,1.0,2.0,1.0
essay339,TRAIN,-1.0,0.0,1.0
essay339,TRAIN,1.0,1.0,0.0
essay340,TEST,1.0,2.0,1.0
essay340,TEST,1.0,1.0,0.0
essay340,TEST,1.0,-2.0,-3.0
essay341,TRAIN,2.0,2.0,0.0
essay341,TRAIN,0.0,1.0,1.0
essay341,TRAIN,2.0,0.0,-2.0
essay342,TEST,2.0,2.0,0.0
essay342,TEST,2.0,2.0,0.0
essay342,TEST,1.0,2.0,1.0
essay343,TEST,-1.0,-1.0,0.0
essay343,TEST,-1.0,1.0,2.0
essay343,TEST,1.0,0.0,-1.0
essay344,VALIDATION,1.0,0.0,-1.0
essay344,VALIDATION,1.0,2.0,1.0
essay344,VALIDATION,1.0,0.0,-1.0
essay345,TRAIN,2.0,2.0,0.0
essay345,TRAIN,0.0,0.0,0.0
essay345,TRAIN,-1.0,-2.0,-1.0
essay346,TRAIN,1.0,1.0,0.0
essay346,TRAIN,0.0,2.0,2.0
essay346,TRAIN,2.0,2.0,0.0
essay347,TRAIN,1.0,0.0,-1.0
essay347,TRAIN,-1.0,0.0,1.0
essay347,TRAIN,1.0,0.0,-1.0
essay348,TRAIN,1.0,1.0,0.0
essay348,TRAIN,1.0,1.0,0.0
essay348,TRAIN,2.0,2.0,0.0
essay349,TRAIN,1.0,1.0,0.0
essay349,TRAIN,2.0,2.0,0.0
essay349,TRAIN,1.0,1.0,0.0
essay350,TEST,1.0,0.0,-1.0
essay350,TEST,-1.0,-1.0,0.0
essay350,TEST,2.0,2.0,0.0
essay351,TEST,1.0,1.0,0.0
essay351,TEST,2.0,1.0,-1.0
essay351,TEST,1.0,2.0,1.0
essay352,TRAIN,2.0,2.0,0.0
essay352,TRAIN,2.0,1.0,-1.0
essay352,TRAIN,0.0,0.0,0.0
essay353,TRAIN,-2.0,-2.0,0.0
essay353,TRAIN,2.0,1.0,-1.0
essay353,TRAIN,2.0,1.0,-1.0
essay355,TRAIN,1.0,2.0,1.0
essay355,TRAIN,0.0,0.0,0.0
essay355,TRAIN,1.0,0.0,-1.0
essay356,TEST,2.0,0.0,-2.0
essay356,TEST,2.0,1.0,-1.0
essay356,TEST,1.0,1.0,0.0
essay357,TEST,-1.0,0.0,1.0
essay357,TEST,0.0,-1.0,-1.0
essay357,TEST,0.0,2.0,2.0
essay358,TEST,2.0,2.0,0.0
essay358,TEST,1.0,2.0,1.0
essay358,TEST,2.0,2.0,0.0
essay361,TEST,-2.0,-1.0,1.0
essay361,TEST,1.0,1.0,0.0
essay361,TEST,-1.0,-1.0,0.0
essay364,TRAIN,1.0,1.0,0.0
essay364,TRAIN,-1.0,1.0,2.0
essay364,TRAIN,2.0,2.0,0.0
essay366,TRAIN,2.0,1.0,-1.0
essay366,TRAIN,2.0,2.0,0.0
essay366,TRAIN,0.0,0.0,0.0
essay367,TRAIN,0.0,1.0,1.0
essay367,TRAIN,-2.0,-1.0,1.0
essay367,TRAIN,1.0,1.0,0.0
essay368,TRAIN,2.0,2.0,0.0
essay368,TRAIN,1.0,2.0,1.0
essay368,TRAIN,2.0,0.0,-2.0
essay369,TRAIN,2.0,1.0,-1.0
essay369,TRAIN,-1.0,-1.0,0.0
essay369,TRAIN,1.0,0.0,-1.0
essay370,TRAIN,0.0,2.0,2.0
essay370,TRAIN,0.0,1.0,1.0
essay370,TRAIN,0.0,0.0,0.0
essay372,TRAIN,0.0,1.0,1.0
essay372,TRAIN,2.0,0.0,-2.0
essay372,TRAIN,2.0,2.0,0.0
essay373,TRAIN,0.0,-1.0,-1.0
essay373,TRAIN,1.0,0.0,-1.0
essay373,TRAIN,1.0,0.0,-1.0
essay374,VALIDATION,2.0,2.0,0.0
essay374,VALIDATION,2.0,2.0,0.0
essay374,VALIDATION,-2.0,2.0,4.0
essay375,TRAIN,0.0,-1.0,-1.0
essay375,TRAIN,0.0,1.0,1.0
essay375,TRAIN,1.0,0.0,-1.0
essay376,TRAIN,2.0,2.0,0.0
essay376,TRAIN,1.0,0.0,-1.0
essay376,TRAIN,1.0,0.0,-1.0
essay377,TEST,1.0,1.0,0.0
essay377,TEST,2.0,2.0,0.0
essay377,TEST,1.0,2.0,1.0
essay378,TRAIN,-2.0,-1.0,1.0
essay378,TRAIN,1.0,1.0,0.0
essay378,TRAIN,1.0,1.0,0.0
essay379,VALIDATION,2.0,-2.0,-4.0
essay379,VALIDATION,1.0,1.0,0.0
essay379,VALIDATION,-1.0,-1.0,0.0
essay380,TRAIN,-1.0,1.0,2.0
essay380,TRAIN,1.0,2.0,1.0
essay380,TRAIN,0.0,0.0,0.0
essay381,TRAIN,1.0,1.0,0.0
essay381,TRAIN,-1.0,1.0,2.0
essay381,TRAIN,1.0,0.0,-1.0
essay382,TRAIN,2.0,2.0,0.0
essay382,TRAIN,1.0,1.0,0.0
essay382,TRAIN,1.0,2.0,1.0
essay383,TRAIN,-1.0,-1.0,0.0
essay383,TRAIN,1.0,0.0,-1.0
essay383,TRAIN,-1.0,-2.0,-1.0
essay384,TRAIN,1.0,1.0,0.0
essay384,TRAIN,0.0,1.0,1.0
essay384,TRAIN,0.0,1.0,1.0
essay385,TRAIN,-2.0,-2.0,0.0
essay385,TRAIN,1.0,-1.0,-2.0
essay385,TRAIN,2.0,2.0,0.0
essay386,TRAIN,1.0,1.0,0.0
essay386,TRAIN,2.0,1.0,-1.0
essay386,TRAIN,2.0,0.0,-2.0
essay387,TRAIN,-2.0,0.0,2.0
essay387,TRAIN,2.0,2.0,0.0
essay387,TRAIN,0.0,1.0,1.0
essay388,TRAIN,1.0,1.0,0.0
essay388,TRAIN,2.0,2.0,0.0
essay388,TRAIN,-1.0,-2.0,-1.0
essay389,VALIDATION,2.0,2.0,0.0
essay389,VALIDATION,2.0,2.0,0.0
essay389,VALIDATION,2.0,2.0,0.0
essay390,TRAIN,2.0,2.0,0.0
essay390,TRAIN,2.0,2.0,0.0
essay390,TRAIN,1.0,1.0,0.0
essay391,TRAIN,2.0,2.0,0.0
essay391,TRAIN,-1.0,-1.0,0.0
essay391,TRAIN,0.0,1.0,1.0
essay393,TRAIN,1.0,2.0,1.0
essay393,TRAIN,0.0,0.0,0.0
essay393,TRAIN,2.0,1.0,-1.0
essay394,TRAIN,2.0,2.0,0.0
essay394,TRAIN,0.0,1.0,1.0
essay394,TRAIN,1.0,1.0,0.0
essay395,TEST,2.0,1.0,-1.0
essay395,TEST,0.0,0.0,0.0
essay395,TEST,1.0,2.0,1.0
essay398,TRAIN,-1.0,0.0,1.0
essay398,TRAIN,1.0,2.0,1.0
essay398,TRAIN,2.0,0.0,-2.0
essay399,TRAIN,-1.0,0.0,1.0
essay399,TRAIN,2.0,1.0,-1.0
essay399,TRAIN,-2.0,-2.0,0.0
essay400,TRAIN,1.0,2.0,1.0
essay400,TRAIN,1.0,2.0,1.0
essay400,TRAIN,2.0,0.0,-2.0
essay401,TEST,2.0,2.0,0.0
essay401,TEST,2.0,2.0,0.0
essay401,TEST,2.0,1.0,-1.0
